sample,fastq_1,fastq_2,barcode_details
CT1-3-2,raw/HGGLYDSX7_ATCGTTGACA-CCGCCACCGC_L003_R1.fastq.gz,,barcode_details-CGT.json
CT1-5-2,raw/HGGLYDSX7_ACTGGTTAAC-CCGCCACCGC_L003_R1.fastq.gz,,barcode_details-CGT.json
CT1-5-3,raw/HGGLYDSX7_CGCAAAGCGC-CCGCCACCGC_L003_R1.fastq.gz,,barcode_details-CGT.json
CT11-1-1,raw/HJGLCDSX7_TCGCCACCCA-CCCATCCCCA_L001_R1.fastq.gz,,barcode_details-GCA.json
CT11-1-2,raw/HJJFLDSX7_ATACTATCCA-CCGCCACCGC_L004_R1.fastq.gz,,barcode_details-GAT.json
CT11-1-3,raw/HH3JTDSX7_CCAGGGCCCG-CCGCCACCGC_L004_R1.fastq.gz,,barcode_details-GAT.json
CT11-1-4,raw/HJJNGDSX7_ACTGGTTAAC-CCGCCACCGC_L002_R1.fastq.gz,,barcode_details-GAT.json
CT11-1-5,raw/HJJNGDSX7_GAGGTACAGA-CCGCCACCGC_L001_R1.fastq.gz,,barcode_details-GAT.json
CT11-5-1,raw/HJJFLDSX7_CACGGCGGAA-CCGCCACCGC_L004_R1.fastq.gz,,barcode_details-GAT.json
CT11-5-2,raw/HJJFLDSX7_CTAGCCGGCT-CCGCCACCGC_L004_R1.fastq.gz,,barcode_details-GAT.json
CT11-5-3,raw/HJGLCDSX7_TCTACGCACT-CCGCCACCGC_L001_R1.fastq.gz,,barcode_details-GAT.json
CT11-5-5,raw/HJJNGDSX7_TGTCCATTGA-CCGCCACCGC_L001_R1.fastq.gz,,barcode_details-GAT.json
CT11-5-6,raw/HGGLYDSX7_ACGCGCTGTA-CCGCCACCGC_L004_R1.fastq.gz,,barcode_details-GAT.json
CT14-5-1,raw/HJGLCDSX7_GAGGTACAGA-CCCATCCCCA_L001_R1.fastq.gz,,barcode_details-GCA.json
CT14-5-2,raw/HJJNGDSX7_AAGTATGACA-CCGCCACCGC_L002_R1.fastq.gz,,barcode_details-GAT.json
CT14-5-4,raw/HJJNGDSX7_CCTACCAAAG-CCGCCACCGC_L001_R1.fastq.gz,,barcode_details-GAT.json
CT14-5-5,raw/HGGLYDSX7_TCTACTGCCA-CCGCCACCGC_L004_R1.fastq.gz,,barcode_details-GAT.json
CT14-5-6,raw/HJJNGDSX7_GGCATCAGTT-CCGCCACCGC_L001_R1.fastq.gz,,barcode_details-GAT.json
CT15-7-1,raw/HJGLCDSX7_AGCACAGTGA-CCCATCCCCA_L001_R1.fastq.gz,,barcode_details-GCA.json
CT15-7-2,raw/HJJFLDSX7_CCGTCAGCAT-CCGCCACCGC_L004_R1.fastq.gz,,barcode_details-GAT.json
CT15-7-4,raw/HJJNGDSX7_GAACATGGTC-CCGCCACCGC_L002_R1.fastq.gz,,barcode_details-GAT.json
CT15-7-6,raw/HGGLYDSX7_GATCTTATGA-CCGCCACCGC_L004_R1.fastq.gz,,barcode_details-GAT.json
CT16-6-1,raw/HJGLCDSX7_TGTCCATTGA-CCCATCCCCA_L001_R1.fastq.gz,,barcode_details-GCA.json
CT16-6-2,raw/HJJFLDSX7_GTCAGCGGGT-CCGCCACCGC_L004_R1.fastq.gz,,barcode_details-GAT.json
CT16-6-3,raw/HJJNGDSX7_ACCGGGTTGC-CCGCCACCGC_L002_R1.fastq.gz,,barcode_details-GAT.json
CT16-6-4,raw/HJJNGDSX7_AGACGTGTTC-CCGCCACCGC_L001_R1.fastq.gz,,barcode_details-GAT.json
CT16-6-5,raw/HJJNGDSX7_CAAAGGGAGA-CCGCCACCGC_L001_R1.fastq.gz,,barcode_details-GAT.json
CT16-6-6,raw/HJJNGDSX7_GCTTCAAATT-CCGCCACCGC_L001_R1.fastq.gz,,barcode_details-GAT.json
CT16-7-1,raw/HJJFLDSX7_ATGAAAGCAA-CCGCCACCGC_L004_R1.fastq.gz,,barcode_details-GAT.json
CT16-7-2,raw/HJJFLDSX7_GTGGCACTTC-CCGCCACCGC_L004_R1.fastq.gz,,barcode_details-GAT.json
CT16-7-3,raw/HJJNGDSX7_CTTATAAGAA-CCGCCACCGC_L002_R1.fastq.gz,,barcode_details-GAT.json
CT16-7-4,raw/HJJNGDSX7_ATCGATGCTA-CCGCCACCGC_L001_R1.fastq.gz,,barcode_details-GAT.json
CT16-7-5,raw/HJJNGDSX7_CCGTTAGCCA-CCGCCACCGC_L001_R1.fastq.gz,,barcode_details-GAT.json
CT16-7-6,raw/HJJNGDSX7_GGGATAAGGC-CCGCCACCGC_L001_R1.fastq.gz,,barcode_details-GAT.json
CT2-2-2,raw/HGGLYDSX7_GTAGCATACA-CCGCCACCGC_L003_R1.fastq.gz,,barcode_details-CGT.json
CT2-2-3,raw/HGGLYDSX7_GGAGCCGACA-CCGCCACCGC_L003_R1.fastq.gz,,barcode_details-CGT.json
CT3-1-2,raw/HGGLYDSX7_GAACATGGTC-CCGCCACCGC_L003_R1.fastq.gz,,barcode_details-CGT.json
CT3-1-3,raw/HGGLYDSX7_ACCGGGTTGC-CCGCCACCGC_L003_R1.fastq.gz,,barcode_details-CGT.json
CT3-2-2,raw/HGGLYDSX7_CTTATAAGAA-CCGCCACCGC_L001_R1.fastq.gz,,barcode_details-CGT.json
CT3-2-3,raw/HGGLYDSX7_GCGGCCACAA-CCGCCACCGC_L001_R1.fastq.gz,,barcode_details-CGT.json
CT4-2-2,raw/HGGLYDSX7_TCGCCACCCA-CCGCCACCGC_L002_R1.fastq.gz,,barcode_details-CGT.json
CT4-2-3,raw/HGGLYDSX7_TCTACGCACT-CCGCCACCGC_L001_R1.fastq.gz,,barcode_details-CGT.json
CT4-3-2,raw/HGGLYDSX7_GAGGTACAGA-CCGCCACCGC_L002_R1.fastq.gz,,barcode_details-CGT.json
CT4-3-3,raw/HGGLYDSX7_CCAGGGCCCG-CCGCCACCGC_L001_R1.fastq.gz,,barcode_details-CGT.json
CT5-1-3,raw/HGGLYDSX7_AGCACAGTGA-CCGCCACCGC_L002_R1.fastq.gz,,barcode_details-CGT.json
CT5-2-2,raw/HGGLYDSX7_CACGGCGGAA-CCGCCACCGC_L002_R1.fastq.gz,,barcode_details-CGT.json
CT5-2-3,raw/HJKTKDSX7_TGTCCATTGA-CCGCCACCGC_L004_R1.fastq.gz,,barcode_details-CGT.json
CT5-5-2,raw/HGGLYDSX7_ACGCGCTGTA-CCGCCACCGC_L002_R1.fastq.gz,,barcode_details-CGT.json
CT5-5-3,raw/HGGLYDSX7_CCGTCAGCAT-CCGCCACCGC_L002_R1.fastq.gz,,barcode_details-CGT.json
CT6-5-2,raw/HGGLYDSX7_TCTACTGCCA-CCGCCACCGC_L002_R1.fastq.gz,,barcode_details-CGT.json
CT6-5-3,raw/HGGLYDSX7_GTCAGCGGGT-CCGCCACCGC_L002_R1.fastq.gz,,barcode_details-CGT.json
CT6-5-4,raw/HJKTKDSX7_GTGGCACTTC-CCGCCACCGC_L004_R1.fastq.gz,,barcode_details-CGT.json
CT7-4-2,raw/HGGLYDSX7_CTAGCCGGCT-CCGCCACCGC_L002_R1.fastq.gz,,barcode_details-CGT.json
CT8-1-2,raw/HJKTKDSX7_GATCTTATGA-CCGCCACCGC_L004_R1.fastq.gz,,barcode_details-CGT.json
CT8-1-3,raw/HGGLYDSX7_CAATACCTAG-CCGCCACCGC_L002_R1.fastq.gz,,barcode_details-CGT.json
CT9-4-4,raw/HGGLYDSX7_GTAGCATACA-CCGCCACCGC_L004_R1.fastq.gz,,barcode_details-GAT.json
CT9-4-5,raw/HGGLYDSX7_GGAGCCGACA-CCGCCACCGC_L004_R1.fastq.gz,,barcode_details-GAT.json
CT9-5-3,raw/HGGLYDSX7_TCATAATTAA-CCGCCACCGC_L003_R1.fastq.gz,,barcode_details-CGT.json
CT9-5-4,raw/HGGLYDSX7_AAGTGTCCCA-CCGCCACCGC_L004_R1.fastq.gz,,barcode_details-GAT.json
CT9-5-5,raw/HGGLYDSX7_GCACCAGACA-CCGCCACCGC_L004_R1.fastq.gz,,barcode_details-GAT.json
CT9-5-6,raw/HGGLYDSX7_TCATAATTAA-CCGCCACCGC_L004_R1.fastq.gz,,barcode_details-GAT.json
CT9-7-4,raw/HGGLYDSX7_CAGAATTTAA-CCGCCACCGC_L003_R1.fastq.gz,,barcode_details-GAT.json
CT9-7-5,raw/HGGLYDSX7_GCGGCCACAA-CCGCCACCGC_L003_R1.fastq.gz,,barcode_details-GAT.json
CT9-7-6,raw/HGGLYDSX7_TCGCCACCCA-CCGCCACCGC_L003_R1.fastq.gz,,barcode_details-GAT.json
CT2-2-1,raw/MLAP-BB5-BB2_1_CT2_2_1.fastq.gz,,barcode_details-ACG.json
CT1-3-1,raw/MLAP-BB5-BB2_3_CT1_3_1.fastq.gz,,barcode_details-ACG.json
CT3-2-1,raw/MLAP-BB5-BB2_7_CT3_2_1.fastq.gz,,barcode_details-ACG.json
CT1-5-1,raw/MLAP-BB5-BB2_8_CT1_5_1.fastq.gz,,barcode_details-ACG.json
CT3-1-1,raw/MLAP-BB5-BB2_9_CT3_1_1.fastq.gz,,barcode_details-ACG.json
CT6-5-1,raw/MLAP-BB5-BB3_4_CT6_5_1.fastq.gz,,barcode_details-ACG.json
CT4-3-1,raw/MLAP-BB5-BB3_5_CT4_3_1.fastq.gz,,barcode_details-ACG.json
CT4-2-1,raw/MLAP-BB5-BB3_7_CT4_2_1.fastq.gz,,barcode_details-ACG.json
CT5-2-1,raw/MLAP-BB5-BB3_8_CT5_2_1.fastq.gz,,barcode_details-ACG.json
CT5-5-1,raw/MLAP-BB5-BB3_9_CT5_5_1.fastq.gz,,barcode_details-ACG.json
CT7-4-1,raw/MLAP-BB5-BB4_1_CT7-4_1.fastq.gz,,barcode_details-ACG.json
CT8-1-1,raw/MLAP-BB5-BB4_4_CT8-1_1.fastq.gz,,barcode_details-ACG.json
CT9-4-1,raw/MLAP-BB5-BB4_7_CT9-4_1.fastq.gz,,barcode_details-ACG.json
CT9-5-1,raw/MLAP-BB5-BB4_8_CT9-5_1.fastq.gz,,barcode_details-ACG.json
CT9-7-1,raw/MLAP-BB5-BB4_9_CT9-7_1.fastq.gz,,barcode_details-ACG.json